time,object_id,x21_lidar,y21_lidar,rho_lidar_raw,alpha2_lidar_raw,rho_measured,alpha2_measured,rho_bias,alpha2_bias,rho_hat,alpha1_hat,alpha2_hat,v1_hat,u1_hat,v1_cmd,u1_cmd,v2_cmd,u2_cmd,mocap_valid,mocap_sync_mode,mocap_time_error,x1_mocap,y1_mocap,th1_mocap,x2_mocap,y2_mocap,th2_mocap,rho_mocap,alpha1_mocap,alpha2_mocap,rho_lidar_minus_mocap,alpha2_lidar_minus_mocap,rho_hat_minus_mocap,alpha1_hat_minus_mocap,alpha2_hat_minus_mocap
0.0887,1550,0.47876,0.43329,0.64571,0.73558,0.64571,0.73558,0.00000,-0.00000,0.64571,1.57080,0.73558,0.14000,0.00000,0.08000,0.00000,0.10000,0.79962,1,interpolated,0.000000,-0.58340,-0.11084,-0.00556,-1.04485,-0.60276,0.02820,0.67448,-2.31867,0.78916,-0.02876,-0.05358,-0.02876,-2.39371,-0.05358
0.1887,1550,0.48347,0.42920,0.64650,0.72601,0.64650,0.72601,0.00000,-0.00000,0.64612,1.60449,0.72447,0.14126,0.00000,0.08000,0.00000,0.10000,0.77675,1,interpolated,0.000000,-0.57731,-0.11053,-0.00415,-1.03759,-0.60309,0.04773,0.67415,-2.31818,0.77154,-0.02765,-0.04552,-0.02803,-2.36052,-0.04707
0.2874,1550,0.49112,0.41332,0.64190,0.69959,0.64190,0.69959,0.00000,-0.00000,0.64177,1.63667,0.69859,0.14208,0.00000,0.08000,0.00000,0.10000,0.72537,1,interpolated,0.000000,-0.57075,-0.11067,-0.00511,-1.02847,-0.60468,0.10588,0.67346,-2.31297,0.71764,-0.03157,-0.01805,-0.03169,-2.33354,-0.01905
0.3866,1550,0.50814,0.38933,0.64015,0.65378,0.64015,0.65378,0.00000,-0.00000,0.63992,1.66950,0.65402,0.14190,0.00000,0.08000,0.00000,0.10000,0.63888,1,interpolated,0.000000,-0.56304,-0.10995,-0.00308,-1.01847,-0.60550,0.17718,0.67304,-2.31096,0.65037,-0.03289,0.00341,-0.03313,-2.30273,0.00364
0.4842,1550,0.52897,0.35606,0.63764,0.59245,0.63764,0.59245,0.00000,-0.00000,0.63745,1.70162,0.59396,0.14068,0.00000,0.08000,0.00000,0.10000,0.52115,1,interpolated,0.000000,-0.55490,-0.11002,-0.00150,-1.00831,-0.60524,0.24567,0.67143,-2.31065,0.58378,-0.03380,0.00867,-0.03398,-2.27092,0.01017
0.5863,1550,0.55025,0.32063,0.63685,0.52760,0.63685,0.52760,0.00000,-0.00000,0.63659,1.73532,0.52973,0.13890,0.00000,0.08000,0.00000,0.10000,0.39359,1,interpolated,0.000000,-0.54734,-0.10975,0.00218,-0.99799,-0.60519,0.31368,0.66974,-2.31107,0.51902,-0.03289,0.00857,-0.03315,-2.23680,0.01070
0.6856,1550,0.56691,0.28494,0.63449,0.46574,0.63449,0.46574,0.00000,-0.00000,0.63430,1.76749,0.46840,0.13676,0.00000,0.08000,0.00000,0.10000,0.27000,1,interpolated,0.000000,-0.53937,-0.10937,-0.00097,-0.98774,-0.60345,0.36783,0.66719,-2.30676,0.46603,-0.03271,-0.00029,-0.03289,-2.20894,0.00237
0.7861,1550,0.58175,0.25280,0.63430,0.40993,0.63430,0.40993,0.00000,-0.00000,0.63402,1.80012,0.41284,0.13445,0.00000,0.08000,0.00000,0.10000,0.15769,1,interpolated,0.000000,-0.53174,-0.10929,0.00101,-0.97829,-0.60140,0.40577,0.66451,-2.30870,0.42814,-0.03021,-0.01821,-0.03049,-2.17436,-0.01530
0.8871,1550,0.59062,0.22509,0.63206,0.36412,0.63206,0.36412,0.00000,-0.00000,0.63188,1.83188,0.36703,0.13218,0.00000,0.08000,0.00000,0.10000,0.06476,1,interpolated,0.000000,-0.52383,-0.10898,0.00314,-0.96872,-0.59798,0.43183,0.66110,-2.31214,0.40077,-0.02904,-0.03665,-0.02922,-2.13916,-0.03374
0.9872,1550,0.59424,0.20461,0.62848,0.33161,0.62848,0.33161,0.00000,-0.00000,0.62837,1.86230,0.33429,0.13013,0.00000,0.08000,0.00000,0.10000,-0.00129,1,interpolated,0.000000,-0.51566,-0.10925,0.00663,-0.95977,-0.59471,0.44931,0.65795,-2.31838,0.38054,-0.02947,-0.04893,-0.02958,-2.10251,-0.04625
1.0872,1550,0.59518,0.19314,0.62573,0.31378,0.62573,0.31378,0.00000,-0.00000,0.62560,1.89187,0.31601,0.12848,0.00000,0.08000,0.00000,0.10000,-0.03682,1,interpolated,0.000000,-0.50846,-0.10871,0.00538,-0.95112,-0.59094,0.45706,0.65459,-2.31882,0.37109,-0.02886,-0.05731,-0.02900,-2.07250,-0.05508
1.1865,1550,0.59415,0.18583,0.62253,0.30313,0.62253,0.30313,0.00000,-0.00000,0.62243,1.92058,0.30514,0.12703,0.00000,0.08000,0.00000,0.10000,-0.05680,1,interpolated,0.000000,-0.50052,-0.10781,0.00583,-0.94180,-0.58643,0.45847,0.65101,-2.32146,0.36749,-0.02848,-0.06436,-0.02858,-2.04115,-0.06235
1.2870,1550,0.59153,0.18420,0.61954,0.30187,0.61954,0.30187,0.00000,-0.00000,0.61944,1.94879,0.30348,0.12589,0.00000,0.08000,0.00000,0.10000,-0.05729,1,interpolated,0.000000,-0.49276,-0.10783,0.00807,-0.93314,-0.58212,0.45375,0.64721,-2.32720,0.36871,-0.02767,-0.06684,-0.02777,-2.00720,-0.06523
1.3863,1550,0.58832,0.18384,0.61638,0.30288,0.61638,0.30288,0.00000,-0.00000,0.61630,1.97637,0.30434,0.12489,0.00000,0.08000,0.00000,0.10000,-0.05251,1,interpolated,0.000000,-0.48511,-0.10756,0.00438,-0.92468,-0.57792,0.44966,0.64378,-2.32674,0.36958,-0.02740,-0.06670,-0.02748,-1.98008,-0.06523
1.4871,1550,0.58294,0.18285,0.61094,0.30395,0.61094,0.30395,0.00000,-0.00000,0.61098,2.00380,0.30537,0.12390,0.00000,0.08000,0.00000,0.10000,-0.04775,1,interpolated,0.000000,-0.47663,-0.10720,0.00112,-0.91590,-0.57368,0.44567,0.64075,-2.32729,0.36976,-0.02980,-0.06581,-0.02977,-1.95210,-0.06439
1.5868,1550,0.58274,0.18155,0.61037,0.30201,0.61037,0.30201,0.00000,-0.00000,0.61020,2.03256,0.30355,0.12293,0.00000,0.08000,0.00000,0.10000,-0.04791,1,interpolated,0.000000,-0.46955,-0.10691,-0.00041,-0.90632,-0.56940,0.44298,0.63613,-2.32720,0.37101,-0.02577,-0.06900,-0.02593,-1.92342,-0.06746
1.7875,1550,0.57254,0.17641,0.59911,0.29889,0.59911,0.29889,0.00000,-0.00000,0.59918,2.08747,0.30042,0.12098,0.00000,0.08000,0.00000,0.10000,-0.04894,1,interpolated,0.000000,-0.45260,-0.10670,0.00032,-0.88826,-0.56057,0.43739,0.62912,-2.33604,0.36848,-0.03001,-0.06959,-0.02994,-1.85967,-0.06806
1.8838,1550,0.57152,0.18074,0.59942,0.30629,0.59942,0.30629,0.00000,-0.00000,0.59925,2.11390,0.30732,0.12043,0.00000,0.08000,0.00000,0.10000,-0.03055,1,interpolated,0.000000,-0.44537,-0.10642,0.00089,-0.87970,-0.55665,0.43005,0.62558,-2.33910,0.37333,-0.02616,-0.06705,-0.02633,-1.83018,-0.06601
1.9830,1550,0.57047,0.17830,0.59769,0.30293,0.59769,0.30293,0.00000,-0.00000,0.59761,2.14245,0.30438,0.11963,0.00000,0.08000,0.00000,0.10000,-0.03306,1,interpolated,0.000000,-0.43658,-0.10611,0.00101,-0.87051,-0.55265,0.42361,0.62265,-2.34288,0.37611,-0.02496,-0.07318,-0.02504,-1.79786,-0.07173
2.0829,1550,0.56053,0.17976,0.58865,0.31032,0.58865,0.31032,0.00000,-0.00000,0.58892,2.16708,0.31126,0.11903,0.00000,0.08000,0.00000,0.10000,-0.01635,1,interpolated,0.000000,-0.42899,-0.10604,0.00013,-0.86137,-0.54816,0.42065,0.61840,-2.34518,0.37589,-0.02975,-0.06557,-0.02948,-1.77093,-0.06463
2.1820,1550,0.55533,0.17875,0.58339,0.31141,0.58339,0.31141,0.00000,-0.00000,0.58351,2.19362,0.31256,0.11839,0.00000,0.08000,0.00000,0.10000,-0.01063,1,interpolated,0.000000,-0.42097,-0.10556,-0.00166,-0.85265,-0.54387,0.41958,0.61519,-2.34692,0.37343,-0.03181,-0.06202,-0.03168,-1.74264,-0.06088
2.2821,1550,0.55784,0.17389,0.58431,0.30217,0.58431,0.30217,0.00000,-0.00000,0.58416,2.22455,0.30379,0.11763,0.00000,0.08000,0.00000,0.10000,-0.02467,1,interpolated,0.000000,-0.41232,-0.10548,-0.00290,-0.84352,-0.54013,0.42042,0.61225,-2.34931,0.36896,-0.02794,-0.06679,-0.02809,-1.70932,-0.06517
2.3803,1550,0.55279,0.17051,0.57849,0.29919,0.57849,0.29919,0.00000,-0.00000,0.57865,2.25186,0.30057,0.11693,0.00000,0.08000,0.00000,0.10000,-0.02831,1,interpolated,0.000000,-0.40488,-0.10516,-0.00319,-0.83433,-0.53650,0.42182,0.60867,-2.35080,0.36578,-0.03018,-0.06659,-0.03002,-1.68053,-0.06521
2.4813,1550,0.54821,0.16826,0.57345,0.29781,0.57345,0.29781,0.00000,-0.00000,0.57359,2.27972,0.29910,0.11630,0.00000,0.08000,0.00000,0.10000,-0.02795,1,interpolated,0.000000,-0.39642,-0.10488,-0.00199,-0.82499,-0.53222,0.41989,0.60521,-2.35564,0.36408,-0.03176,-0.06627,-0.03162,-1.64782,-0.06498
2.5806,1550,0.54398,0.16717,0.56909,0.29815,0.56909,0.29815,0.00000,-0.00000,0.56921,2.30667,0.29934,0.11576,0.00000,0.08000,0.00000,0.10000,-0.02388,1,interpolated,0.000000,-0.38865,-0.10486,-0.00342,-0.81603,-0.52773,0.41523,0.60123,-2.35808,0.36486,-0.03214,-0.06671,-0.03202,-1.61843,-0.06552
2.6809,1550,0.54256,0.16932,0.56836,0.30250,0.56836,0.30250,0.00000,-0.00000,0.56832,2.33332,0.30345,0.11540,0.00000,0.08000,0.00000,0.10000,-0.01097,1,interpolated,0.000000,-0.38084,-0.10461,-0.00431,-0.80695,-0.52370,0.41147,0.59767,-2.36018,0.36562,-0.02931,-0.06313,-0.02935,-1.58968,-0.06217
2.7800,1550,0.53753,0.16742,0.56300,0.30193,0.56300,0.30193,0.00000,-0.00000,0.56317,2.35955,0.30304,0.11493,0.00000,0.08000,0.00000,0.10000,-0.00838,1,interpolated,0.000000,-0.37239,-0.10447,-0.00133,-0.79751,-0.51998,0.40947,0.59446,-2.36630,0.36448,-0.03146,-0.06255,-0.03128,-1.55733,-0.06145
2.8818,1550,0.53460,0.16414,0.55923,0.29789,0.55923,0.29789,0.00000,-0.00000,0.55934,2.38790,0.29914,0.11445,0.00000,0.08000,0.00000,0.10000,-0.01267,1,interpolated,0.000000,-0.36482,-0.10431,-0.00064,-0.78841,-0.51620,0.40914,0.59084,-2.36955,0.36226,-0.03161,-0.06436,-0.03149,-1.52574,-0.06311
2.9791,1550,0.53007,0.16365,0.55475,0.29945,0.55475,0.29945,0.00000,-0.00000,0.55491,2.41288,0.30043,0.11409,0.00000,0.08000,0.00000,0.10000,-0.00634,1,interpolated,0.000000,-0.35708,-0.10395,0.00045,-0.77979,-0.51228,0.40991,0.58773,-2.37394,0.35819,-0.03297,-0.05874,-0.03281,-1.49636,-0.05776
3.0788,1550,0.52639,0.16327,0.55113,0.30077,0.55113,0.30077,0.00000,-0.00000,0.55126,2.43840,0.30171,0.11377,0.00000,0.08000,0.00000,0.10000,0.00025,1,interpolated,0.000000,-0.34916,-0.10398,0.00062,-0.77090,-0.50820,0.40726,0.58417,-2.37802,0.35693,-0.03304,-0.05616,-0.03291,-1.46677,-0.05522
3.1782,1550,0.52243,0.16243,0.54709,0.30144,0.54709,0.30144,0.00000,-0.00000,0.54725,2.46353,0.30237,0.11347,0.00000,0.08000,0.00000,0.10000,0.00546,1,interpolated,0.000000,-0.34181,-0.10370,-0.00117,-0.76167,-0.50483,0.40589,0.58067,-2.37784,0.35670,-0.03358,-0.05526,-0.03343,-1.44182,-0.05433
3.2782,1550,0.51969,0.16185,0.54431,0.30191,0.54431,0.30191,0.00000,-0.00000,0.54441,2.48878,0.30281,0.11322,0.00000,0.08000,0.00000,0.10000,0.01045,1,interpolated,0.000000,-0.33353,-0.10323,0.00174,-0.75293,-0.50117,0.40450,0.57814,-2.38418,0.35465,-0.03384,-0.05274,-0.03373,-1.41023,-0.05184
3.3792,1550,0.52651,0.15842,0.54982,0.29227,0.54982,0.29227,0.00000,-0.00000,0.54956,2.51959,0.29361,0.11304,0.00000,0.08000,0.00000,0.10000,-0.00357,1,interpolated,0.000000,-0.32612,-0.10346,0.00566,-0.74415,-0.49737,0.40370,0.57438,-2.39156,0.35199,-0.02455,-0.05972,-0.02482,-1.37203,-0.05838
3.4771,1550,0.51955,0.15698,0.54275,0.29343,0.54275,0.29343,0.00000,-0.00000,0.54305,2.54245,0.29429,0.11277,0.00000,0.08000,0.00000,0.10000,0.00128,1,interpolated,0.000000,-0.31879,-0.10279,0.00693,-0.73515,-0.49334,0.40559,0.57086,-2.39510,0.34783,-0.02811,-0.05440,-0.02781,-1.34564,-0.05354
3.5785,1550,0.51710,0.15055,0.53857,0.28332,0.53857,0.28332,0.00000,-0.00000,0.53876,2.57094,0.28468,0.11249,0.00000,0.08000,0.00000,0.10000,-0.01490,1,interpolated,0.000000,-0.31024,-0.10304,0.00950,-0.72579,-0.48984,0.40926,0.56771,-2.40152,0.34032,-0.02914,-0.05699,-0.02894,-1.31072,-0.05564
3.6796,1550,0.51374,0.14807,0.53465,0.28061,0.53465,0.28061,0.00000,-0.00000,0.53483,2.59667,0.28169,0.11228,0.00000,0.08000,0.00000,0.10000,-0.01707,1,interpolated,0.000000,-0.30301,-0.10266,0.01008,-0.71641,-0.48634,0.41078,0.56401,-2.40355,0.33734,-0.02936,-0.05673,-0.02918,-1.28296,-0.05565
3.7818,1550,0.50993,0.14385,0.52983,0.27495,0.52983,0.27495,0.00000,-0.00000,0.53005,2.62344,0.27614,0.11207,0.00000,0.08000,0.00000,0.10000,-0.02460,1,interpolated,0.000000,-0.29486,-0.10204,0.00895,-0.70717,-0.48219,0.40906,0.56082,-2.40570,0.33578,-0.03100,-0.06083,-0.03077,-1.25404,-0.05964
3.8837,1550,0.50554,0.14376,0.52558,0.27706,0.52558,0.27706,0.00000,-0.00000,0.52579,2.64662,0.27790,0.11192,0.00000,0.08000,0.00000,0.10000,-0.01673,1,interpolated,0.000000,-0.28713,-0.10205,0.00586,-0.69795,-0.47789,0.40505,0.55680,-2.40649,0.33591,-0.03122,-0.05885,-0.03101,-1.23007,-0.05801
3.9752,1550,0.50165,0.14372,0.52183,0.27901,0.52183,0.27901,0.00000,-0.00000,0.52204,2.66673,0.27978,0.11181,0.00000,0.08000,0.00000,0.10000,-0.00908,1,interpolated,0.000000,-0.28037,-0.10153,0.00418,-0.68948,-0.47419,0.40236,0.55340,-2.40698,0.33644,-0.03157,-0.05742,-0.03136,-1.20947,-0.05666
4.0754,1550,0.49879,0.14317,0.51893,0.27952,0.51893,0.27952,0.00000,-0.00000,0.51909,2.68903,0.28031,0.11173,0.00000,0.08000,0.00000,0.10000,-0.00379,1,interpolated,0.000000,-0.27174,-0.10128,0.00252,-0.68004,-0.47065,0.40133,0.55058,-2.40874,0.33405,-0.03165,-0.05453,-0.03149,-1.18541,-0.05373
4.1749,1550,0.49629,0.14277,0.51642,0.28012,0.51642,0.28012,0.00000,-0.00000,0.51657,2.71059,0.28086,0.11166,0.00000,0.08000,0.00000,0.10000,0.00147,1,interpolated,0.000000,-0.26434,-0.10121,0.00449,-0.67127,-0.46684,0.40287,0.54706,-2.41410,0.32912,-0.03064,-0.04900,-0.03050,-1.15850,-0.04825
4.2741,1550,0.49760,0.13921,0.51671,0.27278,0.51671,0.27278,0.00000,-0.00000,0.51673,2.73570,0.27387,0.11167,0.00000,0.08000,0.00000,0.10000,-0.00885,1,interpolated,0.000000,-0.25621,-0.10076,0.00398,-0.66220,-0.46265,0.40564,0.54386,-2.41754,0.32238,-0.02716,-0.04960,-0.02714,-1.12994,-0.04851
4.3738,1550,0.49498,0.13618,0.51337,0.26848,0.51337,0.26848,0.00000,-0.00000,0.51356,2.75869,0.26946,0.11163,0.00000,0.08000,0.00000,0.10000,-0.01405,1,interpolated,0.000000,-0.24856,-0.10093,0.00280,-0.65300,-0.45865,0.40683,0.53995,-2.42022,0.31734,-0.02657,-0.04885,-0.02639,-1.10427,-0.04787
4.4748,1550,0.48771,0.13248,0.50538,0.26523,0.50538,0.26523,0.00000,-0.00000,0.50579,2.78038,0.26615,0.11153,0.00000,0.08000,0.00000,0.10000,-0.01722,1,interpolated,0.000000,-0.24056,-0.10054,0.00194,-0.64332,-0.45516,0.40685,0.53663,-2.42161,0.31507,-0.03125,-0.04984,-0.03084,-1.08119,-0.04892
4.5736,1550,0.48656,0.12975,0.50356,0.26061,0.50356,0.26061,0.00000,-0.00000,0.50370,2.80300,0.26160,0.11155,0.00000,0.08000,0.00000,0.10000,-0.02262,1,interpolated,0.000000,-0.23195,-0.10028,0.00164,-0.63442,-0.45117,0.40317,0.53396,-2.42620,0.31387,-0.03039,-0.05326,-0.03025,-1.05398,-0.05227
4.6735,1550,0.48337,0.13042,0.50066,0.26355,0.50066,0.26355,0.00000,-0.00000,0.50084,2.82151,0.26417,0.11154,0.00000,0.08000,0.00000,0.10000,-0.01320,1,interpolated,0.000000,-0.22452,-0.10010,0.00010,-0.62535,-0.44715,0.40321,0.53020,-2.42808,0.31041,-0.02955,-0.04686,-0.02937,-1.03359,-0.04624
4.7741,1550,0.48237,0.12867,0.49924,0.26067,0.49924,0.26067,0.00000,-0.00000,0.49936,2.84226,0.26150,0.11159,0.00000,0.08000,0.00000,0.10000,-0.01472,1,interpolated,0.000000,-0.21645,-0.09988,0.00066,-0.61585,-0.44291,0.40163,0.52649,-2.43263,0.30799,-0.02725,-0.04731,-0.02713,-1.00829,-0.04648
4.8727,1550,0.49186,0.12513,0.50753,0.24912,0.50753,0.24912,0.00000,-0.00000,0.50720,2.86783,0.25038,0.11187,0.00000,0.08000,0.00000,0.10000,-0.03363,1,interpolated,0.000000,-0.20797,-0.09980,-0.00015,-0.60631,-0.43941,0.40422,0.52346,-2.43546,0.30176,-0.01593,-0.05264,-0.01626,-0.97990,-0.05138
4.9754,1550,0.48455,0.12198,0.49966,0.24661,0.49966,0.24661,0.00000,-0.00000,0.50005,2.88732,0.24748,0.11186,0.00000,0.08000,0.00000,0.10000,-0.03591,1,interpolated,0.000000,-0.20013,-0.09960,-0.00011,-0.59698,-0.43583,0.40285,0.52014,-2.43859,0.30003,-0.02047,-0.05342,-0.02009,-0.95728,-0.05255
5.0735,1550,0.47738,0.12069,0.49240,0.24762,0.49240,0.24762,0.00000,-0.00000,0.49281,2.90373,0.24830,0.11182,0.00000,0.08000,0.00000,0.10000,-0.03058,1,interpolated,0.000000,-0.19158,-0.09923,-0.00005,-0.58853,-0.43202,0.39824,0.51800,-2.44385,0.29946,-0.02560,-0.05183,-0.02519,-0.93561,-0.05115
5.1733,1550,0.47150,0.11929,0.48636,0.24779,0.48636,0.24779,0.00000,-0.00000,0.48671,2.92044,0.24847,0.11181,0.00000,0.08000,0.00000,0.10000,-0.02652,1,interpolated,0.000000,-0.18381,-0.09897,-0.00028,-0.57959,-0.42804,0.39285,0.51471,-2.44769,0.30077,-0.02835,-0.05298,-0.02800,-0.91506,-0.05230
5.2725,1550,0.46945,0.11704,0.48382,0.24434,0.48382,0.24434,0.00000,-0.00000,0.48401,2.93880,0.24516,0.11189,0.00000,0.08000,0.00000,0.10000,-0.02970,1,interpolated,0.000000,-0.17589,-0.09864,-0.00011,-0.57022,-0.42421,0.38849,0.51137,-2.45130,0.30169,-0.02755,-0.05736,-0.02736,-0.89309,-0.05654
5.3725,1550,0.46628,0.11571,0.48042,0.24324,0.48042,0.24324,0.00000,-0.00000,0.48064,2.95560,0.24395,0.11195,0.00000,0.08000,0.00000,0.10000,-0.02853,1,interpolated,0.000000,-0.16724,-0.09850,-0.00068,-0.56141,-0.42099,0.38766,0.50929,-2.45519,0.29805,-0.02887,-0.05482,-0.02864,-0.87239,-0.05411
5.4720,1550,0.46336,0.11530,0.47749,0.24388,0.47749,0.24388,0.00000,-0.00000,0.47769,2.97084,0.24447,0.11200,0.00000,0.08000,0.00000,0.10000,-0.02382,1,interpolated,0.000000,-0.15985,-0.09813,-0.00272,-0.55278,-0.41753,0.38810,0.50637,-2.45632,0.29445,-0.02889,-0.05057,-0.02868,-0.85603,-0.04997
5.5717,1550,0.46080,0.11451,0.47481,0.24357,0.47481,0.24357,0.00000,-0.00000,0.47501,2.98590,0.24417,0.11206,0.00000,0.08000,0.00000,0.10000,-0.02096,1,interpolated,0.000000,-0.15197,-0.09777,0.00070,-0.54359,-0.41384,0.38918,0.50326,-2.46324,0.28987,-0.02845,-0.04630,-0.02826,-0.83405,-0.04570
5.6735,1550,0.45793,0.11331,0.47174,0.24258,0.47174,0.24258,0.00000,-0.00000,0.47195,3.00096,0.24318,0.11213,0.00000,0.08000,0.00000,0.10000,-0.01952,1,interpolated,0.000000,-0.14372,-0.09774,-0.00005,-0.53365,-0.40973,0.38696,0.49938,-2.46673,0.28786,-0.02765,-0.04528,-0.02744,-0.81550,-0.04468
5.7712,1550,0.45695,0.10779,0.46949,0.23166,0.46949,0.23166,0.00000,-0.00000,0.46968,3.02009,0.23274,0.11231,0.00000,0.08000,0.00000,0.10000,-0.03799,1,interpolated,0.000000,-0.13669,-0.09746,0.00284,-0.52450,-0.40626,0.38402,0.49573,-2.47198,0.28844,-0.02624,-0.05678,-0.02606,-0.79112,-0.05570
5.8715,1550,0.45243,0.10954,0.46550,0.23754,0.46550,0.23754,0.00000,-0.00000,0.46575,3.03105,0.23787,0.11231,0.00000,0.08000,0.00000,0.10000,-0.02386,1,interpolated,0.000000,-0.12849,-0.09696,0.00625,-0.51560,-0.40261,0.38003,0.49323,-2.47949,0.28832,-0.02773,-0.05078,-0.02748,-0.77264,-0.05045
5.9712,1550,0.44820,0.11002,0.46151,0.24072,0.46151,0.24072,0.00000,-0.00000,0.46177,3.04206,0.24107,0.11230,0.00000,0.08000,0.00000,0.10000,-0.01392,1,interpolated,0.000000,-0.12104,-0.09711,0.00926,-0.50665,-0.39902,0.37847,0.48973,-2.48661,0.28578,-0.02822,-0.04506,-0.02796,-0.75452,-0.04471
6.0726,1550,0.44460,0.10954,0.45790,0.24156,0.45790,0.24156,0.00000,-0.00000,0.45814,3.05381,0.24197,0.11232,0.00000,0.08000,0.00000,0.10000,-0.00885,1,interpolated,0.000000,-0.11321,-0.09637,0.00953,-0.49662,-0.39499,0.37634,0.48599,-2.48942,0.28536,-0.02809,-0.04381,-0.02785,-0.73996,-0.04339
6.1686,1550,0.44142,0.10506,0.45375,0.23365,0.45375,0.23365,0.00000,-0.00000,0.45403,3.06879,0.23447,0.11244,0.00000,0.08000,0.00000,0.10000,-0.02149,1,interpolated,0.000000,-0.10545,-0.09653,0.01120,-0.48751,-0.39150,0.37702,0.48268,-2.49533,0.28044,-0.02893,-0.04679,-0.02865,-0.71906,-0.04597
6.2686,1550,0.43880,0.10321,0.45078,0.23101,0.45078,0.23101,0.00000,-0.00000,0.45099,3.08179,0.23162,0.11252,0.00000,0.08000,0.00000,0.10000,-0.02437,1,interpolated,0.000000,-0.09823,-0.09599,0.01323,-0.47853,-0.38803,0.37927,0.47949,-2.49995,0.27561,-0.02872,-0.04460,-0.02850,-0.70144,-0.04399
6.3686,1550,0.43554,0.10140,0.44718,0.22873,0.44718,0.22873,0.00000,-0.00000,0.44743,3.09410,0.22931,0.11260,0.00000,0.08000,0.00000,0.10000,-0.02611,1,interpolated,0.000000,-0.08989,-0.09528,0.01049,-0.46954,-0.38435,0.37612,0.47718,-2.50132,0.27464,-0.03000,-0.04590,-0.02975,-0.68776,-0.04533
6.4693,1550,0.43290,0.09617,0.44345,0.21861,0.44345,0.21861,0.00000,-0.00000,0.44370,3.11001,0.21956,0.11277,0.00000,0.08000,0.00000,0.10000,-0.04340,1,interpolated,0.000000,-0.08228,-0.09513,0.00819,-0.45977,-0.38049,0.37259,0.47321,-2.50249,0.27470,-0.02976,-0.05609,-0.02951,-0.67068,-0.05515
6.5687,1550,0.43028,0.09332,0.44029,0.21356,0.44029,0.21356,0.00000,-0.00000,0.44051,3.12347,0.21434,0.11291,0.00000,0.08000,0.00000,0.10000,-0.05123,1,interpolated,0.000000,-0.07447,-0.09471,0.00781,-0.45030,-0.37668,0.37006,0.46985,-2.50573,0.27360,-0.02956,-0.06004,-0.02934,-0.65398,-0.05926
6.6691,1557,-0.34952,1.36776,1.41171,1.82098,1.41171,1.82098,0.00000,-0.00000,1.36762,2.37408,1.74377,0.10557,0.00000,0.08000,0.00000,0.10000,2.01055,1,interpolated,0.000000,-0.06596,-0.09455,0.00604,-0.44125,-0.37304,0.36800,0.46733,-2.50922,0.27041,0.94438,1.55057,0.90030,-1.39988,1.47336
6.7672,1550,0.42670,0.09388,0.43691,0.21655,0.43691,0.21655,0.00000,-0.00000,0.48042,2.40521,0.28385,0.08338,0.00000,0.08000,0.00000,0.10000,-0.01418,1,interpolated,0.000000,-0.05874,-0.09398,0.00624,-0.43257,-0.36995,0.37208,0.46466,-2.51191,0.26384,-0.02775,-0.04729,0.01576,-1.36606,0.02001
6.8664,1550,0.43156,0.08359,0.43958,0.19132,0.43958,0.19132,0.00000,-0.00000,0.44131,2.43800,0.19680,0.08042,0.00000,0.08000,0.00000,0.10000,-0.20348,1,interpolated,0.000000,-0.05057,-0.09336,0.00712,-0.42631,-0.36911,0.41829,0.46607,-2.51561,0.21481,-0.02649,-0.02349,-0.02477,-1.32957,-0.01801
6.9667,1550,0.42876,0.07111,0.43462,0.16435,0.43462,0.16435,0.00000,-0.00000,0.43476,2.46767,0.16772,0.07877,0.00000,0.08000,0.00000,0.10000,-0.26255,1,interpolated,0.000000,-0.04274,-0.09317,0.00611,-0.41845,-0.36653,0.43443,0.46464,-2.51870,0.19456,-0.03002,-0.03021,-0.02988,-1.29681,-0.02684
7.0672,1550,0.43209,0.06398,0.43680,0.14701,0.43680,0.14701,0.00000,-0.00000,0.43654,2.49657,0.15005,0.07748,0.00000,0.08000,0.00000,0.10000,-0.29550,1,interpolated,0.000000,-0.03490,-0.09290,0.00469,-0.41001,-0.36180,0.42057,0.46154,-2.52435,0.20137,-0.02474,-0.05435,-0.02500,-1.26227,-0.05132
7.1672,1550,0.43271,0.06565,0.43767,0.15058,0.43767,0.15058,0.00000,-0.00000,0.43745,2.52055,0.15269,0.07667,0.00000,0.08000,0.00000,0.10000,-0.28501,1,interpolated,0.000000,-0.02619,-0.09262,0.00385,-0.40128,-0.35738,0.39753,0.45912,-2.53080,0.21712,-0.02146,-0.06654,-0.02167,-1.23184,-0.06443
7.2670,1550,0.42985,0.06754,0.43513,0.15585,0.43513,0.15585,0.00000,-0.00000,0.43507,2.54310,0.15775,0.07595,0.00000,0.08000,0.00000,0.10000,-0.26996,1,interpolated,0.000000,-0.01865,-0.09224,0.00245,-0.39268,-0.35309,0.36848,0.45601,-2.53507,0.24049,-0.02088,-0.08464,-0.02094,-1.20501,-0.08274
7.3665,1550,0.43324,0.07168,0.43913,0.16397,0.43913,0.16397,0.00000,-0.00000,0.43879,2.56528,0.16564,0.07546,0.00000,0.08000,0.00000,0.10000,-0.24816,1,interpolated,0.000000,-0.01056,-0.09206,0.00406,-0.38430,-0.34910,0.34192,0.45360,-2.54322,0.26052,-0.01446,-0.09655,-0.01481,-1.17468,-0.09488
7.4702,1550,0.42646,0.07900,0.43371,0.18317,0.43371,0.18317,0.00000,-0.00000,0.43378,2.58402,0.18421,0.07509,0.00000,0.08000,0.00000,0.10000,-0.20440,1,interpolated,0.000000,-0.00165,-0.09193,0.00225,-0.37470,-0.34557,0.31798,0.45111,-2.54671,0.27915,-0.01740,-0.09598,-0.01733,-1.15245,-0.09495
7.5720,1550,0.41589,0.08862,0.42523,0.20995,0.42523,0.20995,0.00000,-0.00000,0.42545,2.59930,0.21037,0.07488,0.00000,0.08000,0.00000,0.10000,-0.14457,1,interpolated,0.000000,0.00626,-0.09158,0.00199,-0.36593,-0.34197,0.29636,0.44858,-2.55140,0.29583,-0.02335,-0.08587,-0.02312,-1.13248,-0.08545
7.6670,1550,0.41379,0.10008,0.42572,0.23731,0.42572,0.23731,0.00000,-0.00000,0.42556,2.61298,0.23731,0.07493,0.00000,0.08000,0.00000,0.10000,-0.08253,1,interpolated,0.000000,0.01418,-0.09113,0.00441,-0.35714,-0.33899,0.27547,0.44645,-2.55743,0.31310,-0.02073,-0.07579,-0.02089,-1.11277,-0.07578
7.7678,1550,0.40661,0.10545,0.42006,0.25376,0.42006,0.25376,0.00000,-0.00000,0.42016,2.62902,0.25407,0.07482,0.00000,0.08000,0.00000,0.10000,-0.04297,1,interpolated,0.000000,0.02221,-0.09106,0.00343,-0.34734,-0.33611,0.25791,0.44341,-2.55949,0.32762,-0.02336,-0.07387,-0.02326,-1.09468,-0.07356
7.8674,1550,0.40083,0.10691,0.41484,0.26065,0.41484,0.26065,0.00000,-0.00000,0.41494,2.64695,0.26126,0.07463,0.00000,0.08000,0.00000,0.10000,-0.02421,1,interpolated,0.000000,0.03022,-0.09073,0.00242,-0.33812,-0.33319,0.24789,0.44097,-2.56188,0.33425,-0.02613,-0.07360,-0.02603,-1.07436,-0.07299
7.9674,1550,0.39695,0.11364,0.41289,0.27883,0.41289,0.27883,0.00000,-0.00000,0.41285,2.66171,0.27881,0.07465,0.00000,0.08000,0.00000,0.10000,0.01720,1,interpolated,0.000000,0.03902,-0.09022,0.00113,-0.32842,-0.33035,0.24115,0.43895,-2.56389,0.33768,-0.02605,-0.05885,-0.02610,-1.05759,-0.05887
8.0662,1550,0.39377,0.11490,0.41020,0.28391,0.41020,0.28391,0.00000,-0.00000,0.41018,2.67902,0.28431,0.07457,0.00000,0.08000,0.00000,0.10000,0.03228,1,interpolated,0.000000,0.04624,-0.09011,0.00112,-0.31873,-0.32823,0.24115,0.43578,-2.56461,0.33696,-0.02559,-0.05304,-0.02560,-1.03956,-0.05265
8.1654,1550,0.39295,0.11448,0.40929,0.28350,0.40929,0.28350,0.00000,-0.00000,0.40920,2.69800,0.28411,0.07448,0.00000,0.08000,0.00000,0.10000,0.03500,1,interpolated,0.000000,0.05425,-0.08996,0.00419,-0.30940,-0.32616,0.24090,0.43362,-2.56975,0.33514,-0.02434,-0.05164,-0.02443,-1.01544,-0.05103
8.2662,1550,0.39364,0.11144,0.40911,0.27589,0.40911,0.27589,0.00000,-0.00000,0.40899,2.71942,0.27684,0.07436,0.00000,0.08000,0.00000,0.10000,0.02241,1,interpolated,0.000000,0.06222,-0.08991,0.00537,-0.29974,-0.32381,0.24488,0.43095,-2.57325,0.32884,-0.02184,-0.05294,-0.02197,-0.99052,-0.05200
8.3670,1550,0.38853,0.11141,0.40419,0.27926,0.40419,0.27926,0.00000,-0.00000,0.40428,2.73666,0.27972,0.07426,0.00000,0.08000,0.00000,0.10000,0.03176,1,interpolated,0.000000,0.06964,-0.08962,0.01024,-0.28986,-0.32121,0.24645,0.42764,-2.57956,0.32583,-0.02345,-0.04657,-0.02336,-0.96697,-0.04611
8.4665,1550,0.38524,0.11089,0.40088,0.28028,0.40088,0.28028,0.00000,-0.00000,0.40091,2.75412,0.28079,0.07419,0.00000,0.08000,0.00000,0.10000,0.03717,1,interpolated,0.000000,0.07772,-0.08919,0.00816,-0.28018,-0.31884,0.25029,0.42524,-2.57926,0.32020,-0.02436,-0.03992,-0.02433,-0.94980,-0.03942
8.5652,1550,0.38256,0.10922,0.39784,0.27809,0.39784,0.27809,0.00000,-0.00000,0.39786,2.77235,0.27872,0.07412,0.00000,0.08000,0.00000,0.10000,0.03576,1,interpolated,0.000000,0.08474,-0.08897,0.01067,-0.27066,-0.31706,0.25256,0.42229,-2.58168,0.31803,-0.02445,-0.03993,-0.02444,-0.92916,-0.03930
8.6650,1550,0.37928,0.10418,0.39333,0.26806,0.39333,0.26806,0.00000,-0.00000,0.39342,2.79332,0.26907,0.07401,0.00000,0.08000,0.00000,0.10000,0.01792,1,interpolated,0.000000,0.09261,-0.08847,0.01053,-0.26158,-0.31459,0.25425,0.42021,-2.58394,0.31394,-0.02688,-0.04588,-0.02680,-0.90593,-0.04486
8.7649,1550,0.37677,0.09836,0.38940,0.25536,0.38940,0.25536,0.00000,-0.00000,0.38946,2.81580,0.25659,0.07391,0.00000,0.08000,0.00000,0.10000,-0.00600,1,interpolated,0.000000,0.10056,-0.08867,0.00954,-0.25188,-0.31179,0.25748,0.41713,-2.58674,0.30691,-0.02774,-0.05155,-0.02767,-0.88064,-0.05032
8.8647,1550,0.37460,0.09739,0.38706,0.25436,0.38706,0.25436,0.00000,-0.00000,0.38705,2.83436,0.25511,0.07389,0.00000,0.08000,0.00000,0.10000,-0.00591,1,interpolated,0.000000,0.10833,-0.08779,0.01285,-0.24205,-0.30929,0.25890,0.41453,-2.59072,0.30483,-0.02747,-0.05047,-0.02748,-0.85811,-0.04972
8.9650,1550,0.37226,0.09823,0.38500,0.25799,0.38500,0.25799,0.00000,-0.00000,0.38497,2.85073,0.25848,0.07389,0.00000,0.08000,0.00000,0.10000,0.00471,1,interpolated,0.000000,0.11673,-0.08722,0.01019,-0.23189,-0.30719,0.26040,0.41222,-2.58891,0.30248,-0.02722,-0.04449,-0.02724,-0.84355,-0.04400
9.0645,1550,0.37009,0.09478,0.38203,0.25072,0.38203,0.25072,0.00000,-0.00000,0.38205,2.87060,0.25167,0.07389,0.00000,0.08000,0.00000,0.10000,-0.00686,1,interpolated,0.000000,0.12430,-0.08729,0.00988,-0.22230,-0.30502,0.26041,0.40931,-2.59059,0.30047,-0.02729,-0.04975,-0.02727,-0.82200,-0.04880
9.1644,1550,0.36752,0.09449,0.37947,0.25165,0.37947,0.25165,0.00000,-0.00000,0.37948,2.88738,0.25226,0.07391,0.00000,0.08000,0.00000,0.10000,-0.00229,1,interpolated,0.000000,0.13207,-0.08684,0.01177,-0.21294,-0.30240,0.26072,0.40682,-2.59491,0.29774,-0.02735,-0.04608,-0.02734,-0.80089,-0.04548
9.2637,1550,0.36489,0.09218,0.37636,0.24745,0.37636,0.24745,0.00000,-0.00000,0.37639,2.90562,0.24826,0.07394,0.00000,0.08000,0.00000,0.10000,-0.00773,1,interpolated,0.000000,0.14043,-0.08685,0.01469,-0.20368,-0.29969,0.25931,0.40461,-2.60234,0.29463,-0.02826,-0.04718,-0.02823,-0.77523,-0.04637
9.3632,1550,0.36400,0.08909,0.37475,0.24004,0.37475,0.24004,0.00000,-0.00000,0.37471,2.92533,0.24102,0.07402,0.00000,0.08000,0.00000,0.10000,-0.02023,1,interpolated,0.000000,0.14783,-0.08624,0.01320,-0.19439,-0.29770,0.26003,0.40227,-2.60131,0.29345,-0.02752,-0.05341,-0.02756,-0.75655,-0.05243
9.4632,1550,0.36177,0.08691,0.37207,0.23577,0.37207,0.23577,0.00000,-0.00000,0.37207,2.94368,0.23664,0.07409,0.00000,0.08000,0.00000,0.10000,-0.02645,1,interpolated,0.000000,0.15600,-0.08591,0.00795,-0.18490,-0.29557,0.26057,0.40020,-2.59815,0.29083,-0.02814,-0.05506,-0.02813,-0.74135,-0.05418
9.5633,1550,0.35873,0.08553,0.36879,0.23406,0.36879,0.23406,0.00000,-0.00000,0.36882,2.96066,0.23481,0.07416,0.00000,0.08000,0.00000,0.10000,-0.02708,1,interpolated,0.000000,0.16390,-0.08586,0.00818,-0.17560,-0.29279,0.25815,0.39759,-2.60239,0.28924,-0.02881,-0.05519,-0.02877,-0.72014,-0.05443
9.6630,1550,0.35786,0.08662,0.36819,0.23750,0.36819,0.23750,0.00000,-0.00000,0.36811,2.97512,0.23798,0.07425,0.00000,0.08000,0.00000,0.10000,-0.01701,1,interpolated,0.000000,0.17117,-0.08511,0.00315,-0.16611,-0.28992,0.25476,0.39459,-2.59901,0.29097,-0.02640,-0.05347,-0.02648,-0.70906,-0.05299
9.7628,1550,0.35449,0.08536,0.36462,0.23631,0.36462,0.23631,0.00000,-0.00000,0.36467,2.99066,0.23695,0.07432,0.00000,0.08000,0.00000,0.10000,-0.01596,1,interpolated,0.000000,0.17978,-0.08489,0.00359,-0.15631,-0.28774,0.25187,0.39257,-2.60216,0.29115,-0.02795,-0.05484,-0.02790,-0.69036,-0.05420
9.8620,1550,0.35217,0.08397,0.36204,0.23406,0.36204,0.23406,0.00000,-0.00000,0.36205,3.00639,0.23474,0.07442,0.00000,0.08000,0.00000,0.10000,-0.01757,1,interpolated,0.000000,0.18775,-0.08479,0.00418,-0.14700,-0.28576,0.25053,0.39044,-2.60509,0.29016,-0.02840,-0.05610,-0.02839,-0.67171,-0.05542
9.9616,1550,0.35118,0.08515,0.36135,0.23789,0.36135,0.23789,0.00000,-0.00000,0.36128,3.01923,0.23827,0.07451,0.00000,0.08000,0.00000,0.10000,-0.00689,1,interpolated,0.000000,0.19586,-0.08420,0.00375,-0.13784,-0.28323,0.24805,0.38855,-2.60755,0.28975,-0.02720,-0.05186,-0.02727,-0.65641,-0.05148
10.0622,1550,0.35156,0.08055,0.36067,0.22525,0.36067,0.22525,0.00000,-0.00000,0.36059,3.03897,0.22635,0.07473,0.00000,0.08000,0.00000,0.10000,-0.02987,1,interpolated,0.000000,0.20423,-0.08399,0.00572,-0.12803,-0.28063,0.24665,0.38609,-2.61292,0.28774,-0.02542,-0.06249,-0.02550,-0.63130,-0.06138
10.1620,1550,0.35353,0.08160,0.36283,0.22685,0.36283,0.22685,0.00000,-0.00000,0.36262,3.05260,0.22737,0.07490,0.00000,0.08000,0.00000,0.10000,-0.02503,1,interpolated,0.000000,0.21210,-0.08389,0.00377,-0.11800,-0.27799,0.24384,0.38294,-2.61385,0.28768,-0.02012,-0.06083,-0.02032,-0.61674,-0.06030
10.2610,1550,0.35061,0.08080,0.35980,0.22651,0.35980,0.22651,0.00000,-0.00000,0.35983,3.06576,0.22706,0.07501,0.00000,0.08000,0.00000,0.10000,-0.02268,1,interpolated,0.000000,0.22050,-0.08300,0.00556,-0.10800,-0.27616,0.24530,0.38108,-2.61560,0.28626,-0.02128,-0.05975,-0.02125,-0.60183,-0.05919
10.3602,1550,0.34421,0.07762,0.35285,0.22178,0.35285,0.22178,0.00000,-0.00000,0.35307,3.08038,0.22253,0.07510,0.00000,0.08000,0.00000,0.10000,-0.02901,1,interpolated,0.000000,0.22832,-0.08339,0.00386,-0.09878,-0.27385,0.24306,0.37851,-2.61818,0.28421,-0.02566,-0.06243,-0.02544,-0.58463,-0.06168
10.4617,1550,0.34577,0.07802,0.35446,0.22193,0.35446,0.22193,0.00000,-0.00000,0.35430,3.09353,0.22247,0.07528,0.00000,0.08000,0.00000,0.10000,-0.02658,1,interpolated,0.000000,0.23636,-0.08276,0.00060,-0.08911,-0.27124,0.24200,0.37611,-2.61730,0.28290,-0.02165,-0.06097,-0.02181,-0.57236,-0.06044
10.5603,1550,0.34174,0.07874,0.35069,0.22645,0.35069,0.22645,0.00000,-0.00000,0.35076,3.10332,0.22674,0.07533,0.00000,0.08000,0.00000,0.10000,-0.01424,1,interpolated,0.000000,0.24493,-0.08253,0.00180,-0.07975,-0.26880,0.23975,0.37432,-2.62253,0.28112,-0.02363,-0.05466,-0.02356,-0.55734,-0.05438
10.6595,1550,0.34002,0.07772,0.34879,0.22473,0.34879,0.22473,0.00000,-0.00000,0.34878,3.11550,0.22525,0.07546,0.00000,0.08000,0.00000,0.10000,-0.01470,1,interpolated,0.000000,0.25216,-0.08206,0.00436,-0.07010,-0.26697,0.23951,0.37155,-2.62502,0.28143,-0.02276,-0.05670,-0.02277,-0.54267,-0.05618
10.7600,1550,0.33318,0.07294,0.34107,0.21551,0.34107,0.21551,0.00000,-0.00000,0.34132,3.13084,0.21639,0.07560,0.00000,0.08000,0.00000,0.10000,-0.03026,1,interpolated,0.000000,0.26014,-0.08214,0.00692,-0.06080,-0.26473,0.23812,0.36925,-2.63128,0.27912,-0.02818,-0.06361,-0.02793,-0.52107,-0.06273
10.8603,1550,0.32945,0.07438,0.33774,0.22204,0.33774,0.22204,0.00000,-0.00000,0.33781,3.13922,0.22223,0.07564,0.00000,0.08000,0.00000,0.10000,-0.01441,1,interpolated,0.000000,0.26767,-0.08206,0.01083,-0.05138,-0.26227,0.23547,0.36643,-2.63827,0.27868,-0.02868,-0.05665,-0.02862,-0.50570,-0.05645
10.9596,1550,0.32608,0.07145,0.33382,0.21571,0.33382,0.21571,0.00000,-0.00000,0.33391,-3.13055,0.21642,0.07580,0.00000,0.08000,0.00000,0.10000,-0.02391,1,interpolated,0.000000,0.27539,-0.08117,0.00982,-0.04124,-0.25982,0.23511,0.36356,-2.63772,0.27858,-0.02973,-0.06287,-0.02965,-0.49283,-0.06216
11.0594,1550,0.32442,0.07362,0.33267,0.22314,0.33267,0.22314,0.00000,-0.00000,0.33262,-3.12346,0.22323,0.07584,0.00000,0.08000,0.00000,0.10000,-0.00643,1,interpolated,0.000000,0.28368,-0.08104,0.01102,-0.03115,-0.25749,0.23355,0.36091,-2.64176,0.27731,-0.02824,-0.05417,-0.02829,-0.48170,-0.05408
11.1591,1550,0.32398,0.07181,0.33184,0.21813,0.33184,0.21813,0.00000,-0.00000,0.33178,-3.11146,0.21872,0.07602,0.00000,0.08000,0.00000,0.10000,-0.01384,1,interpolated,0.000000,0.29098,-0.08087,0.01058,-0.02181,-0.25568,0.23229,0.35833,-2.64254,0.27734,-0.02649,-0.05921,-0.02655,-0.46892,-0.05863
11.2605,1550,0.32141,0.06946,0.32883,0.21285,0.32883,0.21285,0.00000,-0.00000,0.32887,-3.09926,0.21348,0.07620,0.00000,0.08000,0.00000,0.10000,-0.02237,1,interpolated,0.000000,0.29882,-0.07997,0.01086,-0.01280,-0.25346,0.23190,0.35666,-2.64444,0.27612,-0.02782,-0.06327,-0.02779,-0.45483,-0.06263
11.3633,1550,0.31694,0.06750,0.32404,0.20983,0.32404,0.20983,0.00000,-0.00000,0.32416,-3.08821,0.21038,0.07633,0.00000,0.08000,0.00000,0.10000,-0.02581,1,interpolated,0.000000,0.30720,-0.08001,0.01148,-0.00299,-0.25134,0.23304,0.35436,-2.64842,0.27161,-0.03032,-0.06178,-0.03020,-0.43979,-0.06124
11.4666,1550,0.31368,0.06884,0.32114,0.21605,0.32114,0.21605,0.00000,-0.00000,0.32118,-3.08175,0.21616,0.07635,0.00000,0.08000,0.00000,0.10000,-0.01025,1,interpolated,0.000000,0.31476,-0.07959,0.01238,0.00745,-0.24891,0.23235,0.35088,-2.65037,0.27125,-0.02973,-0.05520,-0.02970,-0.43138,-0.05509
11.5599,1550,0.31124,0.06708,0.31839,0.21227,0.31839,0.21227,0.00000,-0.00000,0.31843,-3.07221,0.21277,0.07648,0.00000,0.08000,0.00000,0.10000,-0.01505,1,interpolated,0.000000,0.32248,-0.07921,0.01677,0.01643,-0.24712,0.23004,0.34909,-2.65656,0.27177,-0.03070,-0.05950,-0.03066,-0.41565,-0.05899
11.6591,1550,0.30910,0.06798,0.31648,0.21647,0.31648,0.21647,0.00000,-0.00000,0.31648,-3.06599,0.21661,0.07653,0.00000,0.08000,0.00000,0.10000,-0.00418,1,interpolated,0.000000,0.32983,-0.07940,0.01695,0.02559,-0.24504,0.22890,0.34642,-2.65997,0.26968,-0.02993,-0.05320,-0.02994,-0.40602,-0.05307
11.7595,1550,0.30915,0.06470,0.31584,0.20630,0.31584,0.20630,0.00000,-0.00000,0.31578,-3.05354,0.20706,0.07678,0.00000,0.08000,0.00000,0.10000,-0.02293,1,interpolated,0.000000,0.33759,-0.07852,0.01425,0.03491,-0.24289,0.22601,0.34443,-2.65837,0.27147,-0.02859,-0.06516,-0.02865,-0.39517,-0.06440
11.8593,1550,0.30512,0.06569,0.31211,0.21206,0.31211,0.21206,0.00000,-0.00000,0.31218,-3.04842,0.21214,0.07678,0.00000,0.08000,0.00000,0.10000,-0.00896,1,interpolated,0.000000,0.34587,-0.07831,0.00959,0.04503,-0.24065,0.22543,0.34185,-2.65634,0.26942,-0.02973,-0.05736,-0.02966,-0.39208,-0.05728
11.9582,1550,0.31006,0.06474,0.31675,0.20584,0.31675,0.20584,0.00000,-0.00000,0.31644,-3.03848,0.20641,0.07705,0.00000,0.08000,0.00000,0.10000,-0.02090,1,interpolated,0.000000,0.35320,-0.07798,0.00784,0.05440,-0.23867,0.22423,0.33927,-2.65599,0.26921,-0.02252,-0.06337,-0.02283,-0.38249,-0.06280
12.0582,1550,0.30483,0.06476,0.31164,0.20932,0.31164,0.20932,0.00000,-0.00000,0.31176,-3.03311,0.20948,0.07706,0.00000,0.08000,0.00000,0.10000,-0.01114,1,interpolated,0.000000,0.36140,-0.07745,0.00869,0.06407,-0.23642,0.22285,0.33717,-2.65928,0.26814,-0.02553,-0.05882,-0.02541,-0.37382,-0.05867
12.1579,1550,0.30014,0.06399,0.30689,0.21006,0.30689,0.21006,0.00000,-0.00000,0.30702,-3.02708,0.21028,0.07709,0.00000,0.08000,0.00000,0.10000,-0.00631,1,interpolated,0.000000,0.36930,-0.07748,0.00705,0.07368,-0.23439,0.22228,0.33468,-2.66068,0.26568,-0.02779,-0.05562,-0.02766,-0.36641,-0.05540
12.2579,1550,0.29605,0.06356,0.30279,0.21148,0.30279,0.21148,0.00000,-0.00000,0.30289,-3.02162,0.21164,0.07711,0.00000,0.08000,0.00000,0.10000,-0.00045,1,interpolated,0.000000,0.37703,-0.07689,0.00759,0.08384,-0.23211,0.22198,0.33175,-2.66230,0.26490,-0.02896,-0.05342,-0.02886,-0.35933,-0.05326
12.3577,1550,0.29304,0.06303,0.29974,0.21185,0.29974,0.21185,0.00000,-0.00000,0.29978,-3.01604,0.21203,0.07715,0.00000,0.08000,0.00000,0.10000,0.00294,1,interpolated,0.000000,0.38578,-0.07683,0.00770,0.09390,-0.22990,0.22295,0.32958,-2.66628,0.26006,-0.02984,-0.04821,-0.02979,-0.34976,-0.04803
12.4577,1550,0.29068,0.06259,0.29734,0.21209,0.29734,0.21209,0.00000,-0.00000,0.29736,-3.01067,0.21226,0.07720,0.00000,0.08000,0.00000,0.10000,0.00570,1,interpolated,0.000000,0.39328,-0.07652,0.01008,0.10328,-0.22790,0.22193,0.32714,-2.67058,0.25916,-0.02979,-0.04706,-0.02978,-0.34008,-0.04689
12.5566,1550,0.28852,0.06201,0.29511,0.21169,0.29511,0.21169,0.00000,-0.00000,0.29511,-3.00534,0.21187,0.07725,0.00000,0.08000,0.00000,0.10000,0.00700,1,interpolated,0.000000,0.40147,-0.07572,0.00671,0.11210,-0.22587,0.22197,0.32600,-2.66966,0.25667,-0.03090,-0.04498,-0.03089,-0.33568,-0.04480
12.6564,1550,0.28776,0.05866,0.29368,0.20108,0.29368,0.20108,0.00000,-0.00000,0.29365,-2.99558,0.20174,0.07745,0.00000,0.08000,0.00000,0.10000,-0.01343,1,interpolated,0.000000,0.41004,-0.07572,0.00697,0.12199,-0.22370,0.22316,0.32383,-2.67400,0.25141,-0.03015,-0.05033,-0.03018,-0.32158,-0.04967
12.7566,1550,0.28534,0.05567,0.29072,0.19267,0.29072,0.19267,0.00000,-0.00000,0.29076,-2.98654,0.19332,0.07764,0.00000,0.08000,0.00000,0.10000,-0.02953,1,interpolated,0.000000,0.41780,-0.07561,0.00664,0.13223,-0.22135,0.22461,0.32062,-2.67634,0.24728,-0.02990,-0.05460,-0.02986,-0.31020,-0.05395
12.8558,1550,0.29004,0.05479,0.29517,0.18670,0.29517,0.18670,0.00000,-0.00000,0.29487,-2.97870,0.18728,0.07790,0.00000,0.08000,0.00000,0.10000,-0.04290,1,interpolated,0.000000,0.42627,-0.07510,0.00666,0.14178,-0.21923,0.22270,0.31891,-2.67932,0.24624,-0.02374,-0.05954,-0.02404,-0.29938,-0.05895
12.9552,1550,0.28622,0.05236,0.29097,0.18094,0.29097,0.18094,0.00000,-0.00000,0.29105,-2.97112,0.18156,0.07806,0.00000,0.08000,0.00000,0.10000,-0.05277,1,interpolated,0.000000,0.43383,-0.07460,0.00206,0.15119,-0.21698,0.21911,0.31647,-2.67702,0.24753,-0.02550,-0.06658,-0.02542,-0.29410,-0.06597
13.0543,1550,0.28493,0.05351,0.28991,0.18564,0.28991,0.18564,0.00000,-0.00000,0.28987,-2.96826,0.18578,0.07811,0.00000,0.08000,0.00000,0.10000,-0.04170,1,interpolated,0.000000,0.44140,-0.07425,0.00290,0.16073,-0.21490,0.21699,0.31394,-2.67996,0.24755,-0.02403,-0.06191,-0.02407,-0.28831,-0.06177
13.1551,1550,0.27925,0.05275,0.28419,0.18670,0.28419,0.18670,0.00000,-0.00000,0.28435,-2.96430,0.18694,0.07814,0.00000,0.08000,0.00000,0.10000,-0.03574,1,interpolated,0.000000,0.45035,-0.07424,0.00540,0.17093,-0.21283,0.21444,0.31189,-2.68657,0.24598,-0.02771,-0.05928,-0.02755,-0.27773,-0.05904
13.2551,1550,0.27925,0.05164,0.28398,0.18285,0.28398,0.18285,0.00000,-0.00000,0.28390,-2.95852,0.18331,0.07829,0.00000,0.08000,0.00000,0.10000,-0.04241,1,interpolated,0.000000,0.45779,-0.07391,0.00884,0.18044,-0.21052,0.20955,0.30917,-2.69276,0.24811,-0.02519,-0.06526,-0.02527,-0.26576,-0.06480
13.3549,1550,0.27849,0.05084,0.28309,0.18057,0.28309,0.18057,0.00000,-0.00000,0.28303,-2.95351,0.18097,0.07843,0.00000,0.08000,0.00000,0.10000,-0.04607,1,interpolated,0.000000,0.46566,-0.07334,0.00695,0.18986,-0.20862,0.20561,0.30719,-2.69254,0.25039,-0.02410,-0.06982,-0.02416,-0.26096,-0.06942
13.4543,1550,0.27431,0.05091,0.27900,0.18350,0.27900,0.18350,0.00000,-0.00000,0.27909,-2.95092,0.18366,0.07845,0.00000,0.08000,0.00000,0.10000,-0.03741,1,interpolated,0.000000,0.47353,-0.07338,0.00529,0.19936,-0.20682,0.20481,0.30492,-2.69393,0.24815,-0.02592,-0.06465,-0.02583,-0.25699,-0.06449
13.5546,1550,0.27223,0.05172,0.27710,0.18775,0.27710,0.18775,0.00000,-0.00000,0.27710,-2.94932,0.18779,0.07846,0.00000,0.08000,0.00000,0.10000,-0.02640,1,interpolated,0.000000,0.48070,-0.07338,0.00920,0.20935,-0.20513,0.19895,0.30165,-2.69878,0.25306,-0.02454,-0.06531,-0.02455,-0.25053,-0.06527
13.6522,1550,0.26461,0.04847,0.26901,0.18118,0.26901,0.18118,0.00000,-0.00000,0.26929,-2.94342,0.18170,0.07852,0.00000,0.08000,0.00000,0.10000,-0.03553,1,interpolated,0.000000,0.48882,-0.07269,0.00883,0.21867,-0.20292,0.19847,0.29990,-2.70123,0.25072,-0.03089,-0.06955,-0.03061,-0.24219,-0.06903
13.7521,1550,0.26213,0.05015,0.26688,0.18902,0.26688,0.18902,0.00000,-0.00000,0.26689,-2.94367,0.18888,0.07848,0.00000,0.08000,0.00000,0.10000,-0.01754,1,interpolated,0.000000,0.49621,-0.07228,0.01075,0.22785,-0.20091,0.19483,0.29760,-2.70534,0.25217,-0.03072,-0.06315,-0.03070,-0.23832,-0.06329
13.8530,1550,0.25760,0.05086,0.26258,0.19492,0.26258,0.19492,0.00000,-0.00000,0.26268,-2.94366,0.19477,0.07841,0.00000,0.08000,0.00000,0.10000,-0.00157,1,interpolated,0.000000,0.50430,-0.07197,0.01276,0.23719,-0.19930,0.18986,0.29591,-2.70952,0.25497,-0.03333,-0.06005,-0.03323,-0.23414,-0.06020
13.9528,1550,0.25247,0.04787,0.25697,0.18738,0.25697,0.18738,0.00000,-0.00000,0.25713,-2.93817,0.18782,0.07848,0.00000,0.08000,0.00000,0.10000,-0.01354,1,interpolated,0.000000,0.51233,-0.07201,0.01210,0.24692,-0.19773,0.18789,0.29368,-2.71130,0.25451,-0.03671,-0.06712,-0.03655,-0.22687,-0.06668
14.0535,1550,0.24757,0.04879,0.25233,0.19458,0.25233,0.19458,0.00000,-0.00000,0.25245,-2.93888,0.19437,0.07839,0.00000,0.08000,0.00000,0.10000,0.00427,1,interpolated,0.000000,0.51943,-0.07135,0.01295,0.25687,-0.19563,0.18285,0.29049,-2.71246,0.25924,-0.03816,-0.06466,-0.03804,-0.22642,-0.06487
14.1530,1550,0.24940,0.05122,0.25461,0.20257,0.25461,0.20257,0.00000,-0.00000,0.25441,-2.94075,0.20222,0.07836,0.00000,0.08000,0.00000,0.10000,0.02129,1,interpolated,0.000000,0.52695,-0.07099,0.01036,0.26679,-0.19330,0.18182,0.28748,-2.71249,0.25765,-0.03287,-0.05508,-0.03307,-0.22827,-0.05543
14.2521,1550,0.25111,0.04748,0.25556,0.18686,0.25556,0.18686,0.00000,-0.00000,0.25541,-2.93266,0.18759,0.07857,0.00000,0.08000,0.00000,0.10000,-0.01145,1,interpolated,0.000000,0.53508,-0.07076,0.01407,0.27632,-0.19183,0.18191,0.28568,-2.71803,0.25572,-0.03012,-0.06885,-0.03027,-0.21463,-0.06812
14.3525,1550,0.24878,0.04667,0.25312,0.18544,0.25312,0.18544,0.00000,-0.00000,0.25312,-2.92995,0.18564,0.07862,0.00000,0.08000,0.00000,0.10000,-0.01400,1,interpolated,0.000000,0.54312,-0.07025,0.00935,0.28645,-0.19033,0.18288,0.28337,-2.71332,0.25474,-0.03025,-0.06930,-0.03024,-0.21662,-0.06910
14.4513,1550,0.24833,0.04699,0.25274,0.18701,0.25274,0.18701,0.00000,-0.00000,0.25266,-2.92891,0.18705,0.07865,0.00000,0.08000,0.00000,0.10000,-0.01005,1,interpolated,0.000000,0.55112,-0.07006,0.00700,0.29594,-0.18865,0.18391,0.28139,-2.71355,0.25114,-0.02865,-0.06412,-0.02873,-0.21535,-0.06409
14.5509,1550,0.24922,0.04669,0.25355,0.18520,0.25355,0.18520,0.00000,-0.00000,0.25342,-2.92669,0.18537,0.07873,0.00000,0.08000,0.00000,0.10000,-0.01372,1,interpolated,0.000000,0.55802,-0.06987,0.00755,0.30559,-0.18639,0.18529,0.27802,-2.71668,0.24717,-0.02446,-0.06197,-0.02460,-0.21000,-0.06180
14.6503,1550,0.24767,0.04331,0.25143,0.17312,0.25143,0.17312,0.00000,-0.00000,0.25142,-2.92017,0.17382,0.07888,0.00000,0.08000,0.00000,0.10000,-0.03805,1,interpolated,0.000000,0.56656,-0.06931,0.00704,0.31516,-0.18481,0.18570,0.27667,-2.71798,0.24496,-0.02524,-0.07183,-0.02525,-0.20219,-0.07114
14.7500,1550,0.24406,0.04352,0.24791,0.17646,0.24791,0.17646,0.00000,-0.00000,0.24797,-2.91967,0.17652,0.07887,0.00000,0.08000,0.00000,0.10000,-0.02953,1,interpolated,0.000000,0.57411,-0.06921,0.00679,0.32518,-0.18325,0.18376,0.27381,-2.71878,0.24584,-0.02590,-0.06937,-0.02584,-0.20089,-0.06932
14.8519,1550,0.23952,0.04284,0.24332,0.17700,0.24332,0.17700,0.00000,-0.00000,0.24343,-2.91844,0.17713,0.07887,0.00000,0.08000,0.00000,0.10000,-0.02506,1,interpolated,0.000000,0.58237,-0.06896,0.00858,0.33532,-0.18141,0.18266,0.27144,-2.72304,0.24447,-0.02812,-0.06747,-0.02801,-0.19540,-0.06734
14.9512,1550,0.23795,0.04083,0.24142,0.16993,0.24142,0.16993,0.00000,-0.00000,0.24142,-2.91433,0.17041,0.07897,0.00000,0.08000,0.00000,0.10000,-0.03859,1,interpolated,0.000000,0.59136,-0.06849,0.00917,0.34493,-0.17927,0.18112,0.27018,-2.72829,0.24136,-0.02875,-0.07143,-0.02876,-0.18604,-0.07095
15.0509,1550,0.23467,0.03994,0.23805,0.16859,0.23805,0.16859,0.00000,-0.00000,0.23810,-2.91243,0.16885,0.07900,0.00000,0.08000,0.00000,0.10000,-0.03968,1,interpolated,0.000000,0.59874,-0.06827,0.00961,0.35450,-0.17722,0.17915,0.26744,-2.73162,0.24042,-0.02939,-0.07183,-0.02934,-0.18081,-0.07157
15.1533,1550,0.23308,0.03953,0.23641,0.16799,0.23641,0.16799,0.00000,-0.00000,0.23638,-2.91110,0.16820,0.07905,0.00000,0.08000,0.00000,0.10000,-0.03971,1,interpolated,0.000000,0.60689,-0.06755,0.00759,0.36447,-0.17561,0.17539,0.26541,-2.72987,0.24393,-0.02900,-0.07594,-0.02903,-0.18123,-0.07573
15.2553,1550,0.23167,0.04043,0.23517,0.17276,0.23517,0.17276,0.00000,-0.00000,0.23513,-2.91215,0.17271,0.07906,0.00000,0.08000,0.00000,0.10000,-0.02838,1,interpolated,0.000000,0.61565,-0.06746,0.00594,0.37466,-0.17413,0.17206,0.26355,-2.73083,0.24465,-0.02838,-0.07189,-0.02842,-0.18133,-0.07194
15.3490,1550,0.22892,0.04147,0.23265,0.17920,0.23265,0.17920,0.00000,-0.00000,0.23267,-2.91416,0.17898,0.07901,0.00000,0.08000,0.00000,0.10000,-0.01235,1,interpolated,0.000000,0.62250,-0.06698,0.00319,0.38382,-0.17235,0.17041,0.26090,-2.72905,0.24532,-0.02826,-0.06612,-0.02823,-0.18511,-0.06633
15.4490,1550,0.22611,0.04175,0.22993,0.18259,0.22993,0.18259,0.00000,-0.00000,0.22996,-2.91512,0.18248,0.07899,0.00000,0.08000,0.00000,0.10000,-0.00244,1,interpolated,0.000000,0.63111,-0.06665,0.00283,0.39366,-0.17059,0.17068,0.25921,-2.73180,0.24194,-0.02928,-0.05935,-0.02925,-0.18332,-0.05946
15.5487,1550,0.22399,0.04113,0.22774,0.18162,0.22774,0.18162,0.00000,-0.00000,0.22774,-2.91441,0.18168,0.07900,0.00000,0.08000,0.00000,0.10000,-0.00260,1,interpolated,0.000000,0.63868,-0.06676,0.00254,0.40359,-0.16899,0.17123,0.25636,-2.73395,0.23895,-0.02862,-0.05733,-0.02862,-0.18046,-0.05727
15.6482,1550,0.22344,0.03976,0.22695,0.17609,0.22695,0.17609,0.00000,-0.00000,0.22689,-2.91188,0.17638,0.07906,0.00000,0.08000,0.00000,0.10000,-0.01395,1,interpolated,0.000000,0.64670,-0.06602,0.00579,0.41321,-0.16801,0.17099,0.25480,-2.73556,0.24084,-0.02785,-0.06474,-0.02791,-0.17632,-0.06445
15.7476,1550,0.22235,0.03838,0.22564,0.17093,0.22564,0.17093,0.00000,-0.00000,0.22560,-2.90940,0.17125,0.07912,0.00000,0.08000,0.00000,0.10000,-0.02461,1,interpolated,0.000000,0.65540,-0.06592,0.00595,0.42212,-0.16645,0.17104,0.25403,-2.74066,0.23585,-0.02839,-0.06492,-0.02843,-0.16873,-0.06459
15.8467,1550,0.22434,0.03833,0.22759,0.16920,0.22759,0.16920,0.00000,-0.00000,0.22740,-2.90844,0.16939,0.07920,0.00000,0.08000,0.00000,0.10000,-0.02995,1,interpolated,0.000000,0.66229,-0.06547,0.00359,0.43155,-0.16461,0.16754,0.25114,-2.73939,0.23825,-0.02354,-0.06905,-0.02373,-0.16905,-0.06886
15.9466,1550,0.22247,0.03830,0.22574,0.17047,0.22574,0.17047,0.00000,-0.00000,0.22572,-2.90858,0.17053,0.07922,0.00000,0.08000,0.00000,0.10000,-0.02606,1,interpolated,0.000000,0.67053,-0.06508,0.00294,0.44157,-0.16298,0.16367,0.24901,-2.74046,0.24041,-0.02327,-0.06994,-0.02329,-0.16813,-0.06988
16.0461,1550,0.21709,0.03770,0.22033,0.17194,0.22033,0.17194,0.00000,-0.00000,0.22048,-2.90879,0.17197,0.07918,0.00000,0.08000,0.00000,0.10000,-0.01896,1,interpolated,0.000000,0.67828,-0.06507,0.00154,0.45135,-0.16179,0.16011,0.24668,-2.74021,0.24281,-0.02635,-0.07087,-0.02620,-0.16859,-0.07084
16.1451,1550,0.21526,0.03622,0.21829,0.16671,0.21829,0.16671,0.00000,-0.00000,0.21829,-2.90662,0.16703,0.07922,0.00000,0.08000,0.00000,0.10000,-0.02860,1,interpolated,0.000000,0.68584,-0.06464,0.00642,0.46086,-0.16022,0.15833,0.24444,-2.74628,0.24340,-0.02615,-0.07670,-0.02615,-0.16034,-0.07637
16.2448,1550,0.21366,0.03469,0.21646,0.16094,0.21646,0.16094,0.00000,-0.00000,0.21645,-2.90417,0.16134,0.07928,0.00000,0.08000,0.00000,0.10000,-0.04022,1,interpolated,0.000000,0.69413,-0.06500,0.00412,0.47023,-0.15868,0.15653,0.24271,-2.74946,0.23972,-0.02625,-0.07878,-0.02626,-0.15471,-0.07839
16.3442,1550,0.21411,0.03659,0.21721,0.16924,0.21721,0.16924,0.00000,-0.00000,0.21708,-2.90754,0.16899,0.07929,0.00000,0.08000,0.00000,0.10000,-0.02316,1,interpolated,0.000000,0.70146,-0.06413,0.00896,0.48051,-0.15686,0.15574,0.23961,-2.75321,0.24160,-0.02240,-0.07236,-0.02253,-0.15433,-0.07261
16.4436,1550,0.20419,0.03525,0.20721,0.17096,0.20721,0.17096,0.00000,-0.00000,0.20756,-2.90809,0.17094,0.07919,0.00000,0.08000,0.00000,0.10000,-0.01125,1,interpolated,0.000000,0.70915,-0.06377,0.00937,0.49044,-0.15568,0.15239,0.23724,-2.75314,0.24543,-0.03003,-0.07447,-0.02968,-0.15495,-0.07449
16.5433,1550,0.20427,0.03495,0.20723,0.16945,0.20723,0.16945,0.00000,-0.00000,0.20715,-2.90797,0.16954,0.07922,0.00000,0.08000,0.00000,0.10000,-0.01426,1,interpolated,0.000000,0.71716,-0.06402,0.01398,0.49992,-0.15409,0.15109,0.23518,-2.76254,0.24194,-0.02794,-0.07249,-0.02803,-0.14543,-0.07239
16.6427,1550,0.20743,0.03224,0.20992,0.15419,0.20992,0.15419,0.00000,-0.00000,0.20970,-2.90226,0.15497,0.07937,0.00000,0.08000,0.00000,0.10000,-0.04993,1,interpolated,0.000000,0.72441,-0.06381,0.01135,0.50951,-0.15253,0.15091,0.23249,-2.76142,0.24061,-0.02257,-0.08642,-0.02279,-0.14085,-0.08564
16.7415,1550,0.19898,0.03381,0.20183,0.16834,0.20183,0.16834,0.00000,-0.00000,0.20209,-2.90765,0.16785,0.07924,0.00000,0.08000,0.00000,0.10000,-0.01407,1,interpolated,0.000000,0.73294,-0.06300,0.01335,0.51966,-0.15109,0.15168,0.23076,-2.76323,0.24003,-0.02893,-0.07170,-0.02867,-0.14442,-0.07219
16.8421,1550,0.19171,0.03099,0.19420,0.16026,0.19420,0.16026,0.00000,-0.00000,0.19445,-2.90485,0.16065,0.07921,0.00000,0.08000,0.00000,0.10000,-0.02416,1,interpolated,0.000000,0.74032,-0.06278,0.01000,0.53014,-0.14949,0.15091,0.22736,-2.76031,0.24037,-0.03317,-0.08011,-0.03291,-0.14454,-0.07972
16.9409,1550,0.19654,0.03540,0.19970,0.17821,0.19970,0.17821,0.00000,-0.00000,0.19936,-2.91345,0.17741,0.07922,0.00000,0.08000,0.00000,0.10000,0.00981,1,interpolated,0.000000,0.74794,-0.06238,0.00561,0.53926,-0.14809,0.14876,0.22560,-2.75749,0.24094,-0.02590,-0.06273,-0.02624,-0.15596,-0.06354
17.0407,1550,0.19125,0.03527,0.19447,0.18236,0.19447,0.18236,0.00000,-0.00000,0.19460,-2.91596,0.18206,0.07916,0.00000,0.08000,0.00000,0.10000,0.02474,1,interpolated,0.000000,0.75614,-0.06208,0.01022,0.54845,-0.14661,0.14736,0.22423,-2.76529,0.23916,-0.02976,-0.05681,-0.02963,-0.15067,-0.05710
17.1401,1550,0.19046,0.03320,0.19333,0.17260,0.19333,0.17260,0.00000,-0.00000,0.19329,-2.91279,0.17294,0.07920,0.00000,0.08000,0.00000,0.10000,0.00448,1,interpolated,0.000000,0.76387,-0.06157,0.00974,0.55837,-0.14520,0.14606,0.22186,-2.76483,0.24044,-0.02853,-0.06785,-0.02857,-0.14797,-0.06750
17.2404,1550,0.19836,0.03212,0.20094,0.16054,0.20094,0.16054,0.00000,-0.00000,0.20049,-2.90883,0.16109,0.07936,0.00000,0.08000,0.00000,0.10000,-0.02976,1,interpolated,0.000000,0.77204,-0.06126,0.00879,0.56872,-0.14383,0.14498,0.21945,-2.76461,0.24079,-0.01851,-0.08025,-0.01895,-0.14422,-0.07969
17.3403,1550,0.18851,0.02933,0.19078,0.15435,0.19078,0.15435,0.00000,-0.00000,0.19112,-2.90623,0.15477,0.07930,0.00000,0.08000,0.00000,0.10000,-0.03624,1,interpolated,0.000000,0.77971,-0.06136,0.00934,0.57863,-0.14249,0.14639,0.21683,-2.76742,0.23712,-0.02605,-0.08276,-0.02571,-0.13881,-0.08235
17.4392,1550,0.19084,0.03151,0.19342,0.16362,0.19342,0.16362,0.00000,-0.00000,0.19322,-2.91082,0.16328,0.07933,0.00000,0.08000,0.00000,0.10000,-0.01867,1,interpolated,0.000000,0.78722,-0.06107,0.00375,0.58791,-0.14130,0.14906,0.21485,-2.76265,0.23363,-0.02143,-0.07002,-0.02164,-0.14817,-0.07035
17.5391,1550,0.18734,0.02915,0.18959,0.15436,0.18959,0.15436,0.00000,-0.00000,0.18966,-2.90778,0.15483,0.07934,0.00000,0.08000,0.00000,0.10000,-0.03529,1,interpolated,0.000000,0.79604,-0.06060,0.00426,0.59759,-0.13999,0.14872,0.21373,-2.76532,0.23182,-0.02414,-0.07746,-0.02408,-0.14246,-0.07699
17.6389,1550,0.18242,0.02798,0.18455,0.15218,0.18455,0.15218,0.00000,-0.00000,0.18468,-2.90734,0.15241,0.07932,0.00000,0.08000,0.00000,0.10000,-0.03645,1,interpolated,0.000000,0.80375,-0.06042,0.00400,0.60787,-0.13874,0.14825,0.21095,-2.76524,0.23210,-0.02640,-0.07992,-0.02627,-0.14210,-0.07970
17.7386,1550,0.17952,0.02853,0.18177,0.15759,0.18177,0.15759,0.00000,-0.00000,0.18181,-2.91040,0.15743,0.07930,0.00000,0.08000,0.00000,0.10000,-0.02218,1,interpolated,0.000000,0.81193,-0.06025,0.00280,0.61713,-0.13726,0.14695,0.20946,-2.76792,0.22953,-0.02769,-0.07194,-0.02765,-0.14248,-0.07210
17.8388,1550,0.18200,0.02730,0.18403,0.14888,0.18403,0.14888,0.00000,-0.00000,0.18383,-2.90809,0.14933,0.07938,0.00000,0.08000,0.00000,0.10000,-0.04361,1,interpolated,0.000000,0.82005,-0.06021,0.00283,0.62650,-0.13603,0.14291,0.20787,-2.77104,0.23047,-0.02384,-0.08159,-0.02404,-0.13704,-0.08114
17.9378,1550,0.18331,0.02989,0.18573,0.16163,0.18573,0.16163,0.00000,-0.00000,0.18554,-2.91414,0.16115,0.07941,0.00000,0.08000,0.00000,0.10000,-0.01798,1,interpolated,0.000000,0.82772,-0.05984,0.00351,0.63586,-0.13483,0.13692,0.20600,-2.77250,0.23568,-0.02027,-0.07406,-0.02046,-0.14164,-0.07454
18.0382,1550,0.18219,0.03007,0.18466,0.16357,0.18466,0.16357,0.00000,-0.00000,0.18460,-2.91585,0.16349,0.07942,0.00000,0.08000,0.00000,0.10000,-0.01184,1,interpolated,0.000000,0.83670,-0.05958,0.00285,0.64637,-0.13376,0.13260,0.20427,-2.77282,0.23903,-0.01961,-0.07546,-0.01967,-0.14303,-0.07554
18.1403,1550,0.18164,0.02995,0.18409,0.16343,0.18409,0.16343,0.00000,-0.00000,0.18402,-2.91657,0.16345,0.07944,0.00000,0.08000,0.00000,0.10000,-0.01164,1,interpolated,0.000000,0.84449,-0.05933,0.00631,0.65646,-0.13219,0.13185,0.20166,-2.77822,0.23783,-0.01757,-0.07440,-0.01764,-0.13835,-0.07438
18.2380,1550,0.17367,0.02875,0.17604,0.16405,0.17604,0.16405,0.00000,-0.00000,0.17631,-2.91718,0.16404,0.07937,0.00000,0.08000,0.00000,0.10000,-0.00242,1,interpolated,0.000000,0.85205,-0.05889,0.00456,0.66558,-0.13093,0.12957,0.19991,-2.77746,0.23912,-0.02387,-0.07507,-0.02360,-0.13972,-0.07508
18.3377,1550,0.16914,0.02695,0.17127,0.15801,0.17127,0.15801,0.00000,-0.00000,0.17140,-2.91554,0.15827,0.07934,0.00000,0.08000,0.00000,0.10000,-0.01098,1,interpolated,0.000000,0.86077,-0.05879,0.00390,0.67528,-0.13003,0.12867,0.19869,-2.77882,0.23800,-0.02742,-0.07999,-0.02729,-0.13671,-0.07972
18.4375,1550,0.16759,0.02643,0.16966,0.15644,0.16966,0.15644,0.00000,-0.00000,0.16965,-2.91600,0.15652,0.07935,0.00000,0.08000,0.00000,0.10000,-0.01366,1,interpolated,0.000000,0.86814,-0.05808,0.00025,0.68528,-0.12887,0.12637,0.19609,-2.77248,0.24299,-0.02642,-0.08655,-0.02644,-0.14352,-0.08647
18.5376,1550,0.16362,0.02679,0.16580,0.16226,0.16580,0.16226,0.00000,-0.00000,0.16588,-2.91954,0.16199,0.07932,0.00000,0.08000,0.00000,0.10000,0.00325,1,interpolated,0.000000,0.87655,-0.05753,0.00342,0.69562,-0.12735,0.12570,0.19393,-2.77673,0.24258,-0.02813,-0.08032,-0.02805,-0.14281,-0.08059
18.6372,1550,0.16854,0.02679,0.17066,0.15760,0.17066,0.15760,0.00000,-0.00000,0.17034,-2.91929,0.15776,0.07941,0.00000,0.08000,0.00000,0.10000,-0.01270,1,interpolated,0.000000,0.88431,-0.05763,0.00443,0.70517,-0.12591,0.12645,0.19171,-2.78185,0.23773,-0.02105,-0.08012,-0.02137,-0.13743,-0.07997
18.7361,1550,0.16702,0.02739,0.16925,0.16253,0.16925,0.16253,0.00000,-0.00000,0.16920,-2.92222,0.16231,0.07941,0.00000,0.08000,0.00000,0.10000,-0.00102,1,interpolated,0.000000,0.89179,-0.05738,0.00518,0.71474,-0.12500,0.12688,0.18952,-2.78194,0.23794,-0.02027,-0.07541,-0.02031,-0.14027,-0.07563
18.8380,1550,0.16010,0.02631,0.16225,0.16289,0.16225,0.16289,0.00000,-0.00000,0.16246,-2.92315,0.16284,0.07935,0.00000,0.08000,0.00000,0.10000,0.00804,1,interpolated,0.000000,0.90037,-0.05721,0.00993,0.72508,-0.12399,0.12902,0.18758,-2.78754,0.23496,-0.02534,-0.07207,-0.02512,-0.13561,-0.07212
18.9409,1550,0.15544,0.02483,0.15741,0.15842,0.15741,0.15842,0.00000,-0.00000,0.15754,-2.92242,0.15856,0.07932,0.00000,0.08000,0.00000,0.10000,0.00359,1,interpolated,0.000000,0.90810,-0.05699,0.01069,0.73542,-0.12291,0.13007,0.18483,-2.78762,0.23460,-0.02742,-0.07618,-0.02729,-0.13480,-0.07604
19.0461,1550,0.15157,0.02511,0.15364,0.16418,0.15364,0.16418,0.00000,-0.00000,0.15371,-2.92624,0.16386,0.07929,0.00000,0.08000,0.00000,0.10000,0.02079,1,interpolated,0.000000,0.91661,-0.05617,0.01380,0.74571,-0.12114,0.12698,0.18283,-2.79209,0.23632,-0.02919,-0.07215,-0.02912,-0.13415,-0.07246
19.1351,1550,0.15211,0.02475,0.15411,0.16129,0.15411,0.16129,0.00000,-0.00000,0.15399,-2.92656,0.16131,0.07932,0.00000,0.08000,0.00000,0.10000,0.01358,1,interpolated,0.000000,0.92394,-0.05589,0.01466,0.75407,-0.12012,0.12572,0.18161,-2.79477,0.23577,-0.02750,-0.07447,-0.02762,-0.13179,-0.07446
19.2347,1550,0.15302,0.02398,0.15489,0.15545,0.15489,0.15545,0.00000,-0.00000,0.15475,-2.92559,0.15564,0.07936,0.00000,0.08000,0.00000,0.10000,-0.00185,1,interpolated,0.000000,0.93117,-0.05561,0.01335,0.76406,-0.11905,0.12448,0.17875,-2.79210,0.23837,-0.02386,-0.08292,-0.02400,-0.13350,-0.08273
19.3388,1550,0.14846,0.02198,0.15008,0.14700,0.15008,0.14700,0.00000,-0.00000,0.15018,-2.92330,0.14736,0.07933,0.00000,0.08000,0.00000,0.10000,-0.01622,1,interpolated,0.000000,0.94004,-0.05506,0.01118,0.77491,-0.11810,0.12778,0.17675,-2.78810,0.23690,-0.02667,-0.08990,-0.02657,-0.13520,-0.08954
19.4342,1550,0.14384,0.02102,0.14536,0.14510,0.14536,0.14510,0.00000,-0.00000,0.14550,-2.92385,0.14522,0.07930,0.00000,0.08000,0.00000,0.10000,-0.01544,1,interpolated,0.000000,0.94708,-0.05488,0.01163,0.78439,-0.11667,0.12944,0.17403,-2.79031,0.23347,-0.02867,-0.08837,-0.02854,-0.13354,-0.08826
19.5342,1550,0.14058,0.02213,0.14231,0.15611,0.14231,0.15611,0.00000,-0.00000,0.14236,-2.93033,0.15557,0.07928,0.00000,0.08000,0.00000,0.10000,0.01357,1,interpolated,0.000000,0.95493,-0.05439,0.01095,0.79389,-0.11550,0.13303,0.17224,-2.78988,0.22963,-0.02993,-0.07352,-0.02988,-0.14045,-0.07406
19.6366,1550,0.13549,0.02026,0.13700,0.14841,0.13700,0.14841,0.00000,-0.00000,0.13714,-2.92891,0.14864,0.07924,0.00000,0.08000,0.00000,0.10000,0.00413,1,interpolated,0.000000,0.96328,-0.05440,0.01068,0.80359,-0.11475,0.13437,0.17071,-2.79097,0.22694,-0.03372,-0.07853,-0.03358,-0.13794,-0.07830
19.7350,1550,0.12998,0.01886,0.13134,0.14412,0.13134,0.14412,0.00000,-0.00000,0.13151,-2.92895,0.14425,0.07920,0.00000,0.08000,0.00000,0.10000,0.00184,1,interpolated,0.000000,0.97036,-0.05416,0.01041,0.81330,-0.11376,0.13251,0.16799,-2.78930,0.23020,-0.03665,-0.08608,-0.03648,-0.13965,-0.08595
19.8351,1550,0.12993,0.01817,0.13120,0.13895,0.13120,0.13895,0.00000,-0.00000,0.13111,-2.92936,0.13911,0.07922,0.00000,0.08000,0.00000,0.10000,-0.01174,1,interpolated,0.000000,0.97882,-0.05315,0.00918,0.82327,-0.11236,0.13185,0.16643,-2.78705,0.23187,-0.03524,-0.09292,-0.03532,-0.14230,-0.09276
19.9358,1550,0.12961,0.01905,0.13101,0.14594,0.13101,0.14594,0.00000,-0.00000,0.13091,-2.93494,0.14557,0.07924,0.00000,0.08000,0.00000,0.10000,0.00306,1,interpolated,0.000000,0.98637,-0.05309,0.00862,0.83289,-0.11105,0.13007,0.16406,-2.78912,0.23102,-0.03305,-0.08508,-0.03314,-0.14582,-0.08545
20.0339,1550,0.12881,0.01978,0.13032,0.15235,0.13032,0.15235,0.00000,-0.00000,0.13025,-2.93986,0.15194,0.07927,0.00000,0.08000,0.00000,0.10000,0.01887,1,interpolated,0.000000,0.99411,-0.05279,0.00695,0.84220,-0.11026,0.12893,0.16242,-2.78690,0.23271,-0.03209,-0.08036,-0.03216,-0.15295,-0.08077
20.1321,1550,0.12419,0.01898,0.12563,0.15168,0.12563,0.15168,0.00000,-0.00000,0.12575,-2.94122,0.15158,0.07924,0.00000,0.08000,0.00000,0.10000,0.02550,1,interpolated,0.000000,1.00241,-0.05250,0.00382,0.85202,-0.10942,0.12846,0.16080,-2.78359,0.23336,-0.03516,-0.08168,-0.03505,-0.15763,-0.08178
